<?xml version="1.0" encoding="UTF-8"?>
<GenRun Id="floating_point_0_synth_1" LaunchPart="xc7z020clg400-1" LaunchTime="1623745851">
  <File Type="PA-TCL" Name="floating_point_0.tcl"/>
  <File Type="REPORTS-TCL" Name="floating_point_0_reports.tcl"/>
  <File Type="RDS-RDS" Name="floating_point_0.vds"/>
  <File Type="RDS-UTIL" Name="floating_point_0_utilization_synth.rpt"/>
  <File Type="RDS-UTIL-PB" Name="floating_point_0_utilization_synth.pb"/>
  <File Type="RDS-DCP" Name="floating_point_0.dcp"/>
  <FileSet Name="sources" Type="BlockSrcs" RelSrcDir="$PSRCDIR/floating_point_0">
    <File Path="$PSRCDIR/sources_1/ip/floating_point_0/floating_point_0.xci">
      <FileInfo>
        <Attr Name="ImportPath" Val="$PPRDIR/../../../../../../../../Downloads/MiniProject2_DNN_INFERENCE_ENGINE_NicholasNuti_009558796/DNN_INFERENCE_ENGINE/miniproject2.srcs/sources_1/ip/floating_point_0/floating_point_0.xci"/>
        <Attr Name="ImportTime" Val="1623745802"/>
        <Attr Name="UsedIn" Val="synthesis"/>
        <Attr Name="UsedIn" Val="implementation"/>
        <Attr Name="UsedIn" Val="simulation"/>
      </FileInfo>
    </File>
    <Config>
      <Option Name="TopModule" Val="floating_point_0"/>
      <Option Name="UseBlackboxStub" Val="1"/>
    </Config>
  </FileSet>
  <FileSet Name="constrs_in" Type="BlockSrcs" RelSrcDir="$PSRCDIR/floating_point_0">
    <File Path="$PSRCDIR/sources_1/ip/floating_point_0/floating_point_0.xci">
      <FileInfo>
        <Attr Name="ImportPath" Val="$PPRDIR/../../../../../../../../Downloads/MiniProject2_DNN_INFERENCE_ENGINE_NicholasNuti_009558796/DNN_INFERENCE_ENGINE/miniproject2.srcs/sources_1/ip/floating_point_0/floating_point_0.xci"/>
        <Attr Name="ImportTime" Val="1623745802"/>
        <Attr Name="UsedIn" Val="synthesis"/>
        <Attr Name="UsedIn" Val="implementation"/>
        <Attr Name="UsedIn" Val="simulation"/>
      </FileInfo>
    </File>
    <Config>
      <Option Name="TopModule" Val="floating_point_0"/>
      <Option Name="UseBlackboxStub" Val="1"/>
    </Config>
  </FileSet>
  <FileSet Name="utils" Type="Utils" RelSrcDir="$PSRCDIR/utils_1">
    <Filter Type="Utils"/>
    <Config>
      <Option Name="TopAutoSet" Val="TRUE"/>
    </Config>
  </FileSet>
  <Strategy Version="1" Minor="2">
    <StratHandle Name="Vivado Synthesis Defaults" Flow="Vivado Synthesis 2020"/>
    <Step Id="synth_design"/>
  </Strategy>
</GenRun>
